word,John,Luke,Mark,Matthew
abide,0.0020627062706270625,4.161464835622139e-4,2.449779519843214e-4,1.4734050390452334e-4
abraham,0.0016501650165016502,0.0019420169232903315,2.449779519843214e-4,0.0010313835273316634
abroad,4.1254125412541255e-4,5.548619780829519e-4,9.799118079372856e-4,7.367025195226168e-4
accusation,2.0627062706270627e-4,2.7743098904147595e-4,2.449779519843214e-4,1.4734050390452334e-4
accuse,4.1254125412541255e-4,5.548619780829519e-4,2.449779519843214e-4,1.4734050390452334e-4
adultery,4.1254125412541255e-4,4.161464835622139e-4,7.349338559529642e-4,0.0010313835273316634
afraid,8.250825082508251e-4,6.935774726036898e-4,0.0017148456638902498,0.0010313835273316634
afterward,2.0627062706270627e-4,5.548619780829519e-4,4.899559039686428e-4,5.893620156180934e-4
amen,2.0627062706270627e-4,1.3871549452073797e-4,2.449779519843214e-4,2.946810078090467e-4
andrew,0.0010313531353135313,1.3871549452073797e-4,9.799118079372856e-4,2.946810078090467e-4
angels,4.1254125412541255e-4,0.0012484394506866417,0.001224889759921607,0.0019154265507588036
answer,4.1254125412541255e-4,0.0011097239561659038,7.349338559529642e-4,7.367025195226168e-4
answered,0.015882838283828384,0.0033291718684977114,0.007349338559529643,0.007072344187417121
arimathaea,2.0627062706270627e-4,1.3871549452073797e-4,2.449779519843214e-4,1.4734050390452334e-4
arise,2.0627062706270627e-4,8.322929671244278e-4,7.349338559529642e-4,8.840430234271402e-4
arose,6.188118811881188e-4,0.0016645859342488557,0.002204801567858893,0.0017680860468542803
art,0.005775577557755775,0.003606602857539187,0.0026947574718275357,0.002504788566376897
authority,2.0627062706270627e-4,0.0012484394506866417,0.0019598236158745713,0.0010313835273316634
baptize,4.1254125412541255e-4,2.7743098904147595e-4,4.899559039686428e-4,2.946810078090467e-4
baptized,0.0010313531353135313,9.710084616451658e-4,0.0019598236158745713,0.0011787240312361867
barabbas,4.1254125412541255e-4,1.3871549452073797e-4,7.349338559529642e-4,7.367025195226168e-4
bare,0.0016501650165016502,6.935774726036898e-4,4.899559039686428e-4,1.4734050390452334e-4
baskets,2.0627062706270627e-4,1.3871549452073797e-4,9.799118079372856e-4,5.893620156180934e-4
bear,0.003094059405940594,0.0011097239561659038,4.899559039686428e-4,5.893620156180934e-4
bed,0.0010313531353135313,5.548619780829519e-4,0.0014698677119059284,2.946810078090467e-4
beginning,0.0020627062706270625,5.548619780829519e-4,7.349338559529642e-4,8.840430234271402e-4
beheld,4.1254125412541255e-4,8.322929671244278e-4,7.349338559529642e-4,1.4734050390452334e-4
behold,0.003919141914191419,0.007213205715078374,0.0031847133757961785,0.0088404302342714
believed,0.005569306930693069,6.935774726036898e-4,7.349338559529642e-4,4.420215117135701e-4
belly,2.0627062706270627e-4,1.3871549452073797e-4,2.449779519843214e-4,2.946810078090467e-4
besought,8.250825082508251e-4,0.0013871549452073796,0.0014698677119059284,7.367025195226168e-4
bethany,6.188118811881188e-4,2.7743098904147595e-4,9.799118079372856e-4,2.946810078090467e-4
bethsaida,4.1254125412541255e-4,2.7743098904147595e-4,4.899559039686428e-4,1.4734050390452334e-4
betray,0.0012376237623762376,2.7743098904147595e-4,9.799118079372856e-4,7.367025195226168e-4
betrayed,4.1254125412541255e-4,2.7743098904147595e-4,9.799118079372856e-4,0.0013260645351407102
betrayeth,2.0627062706270627e-4,1.3871549452073797e-4,2.449779519843214e-4,1.4734050390452334e-4
blessed,4.1254125412541255e-4,0.003884033846580663,0.0017148456638902498,0.0026521290702814205
blind,0.0037128712871287127,0.0011097239561659038,0.001224889759921607,0.0026521290702814205
blood,0.0012376237623762376,0.0011097239561659038,7.349338559529642e-4,0.0017680860468542803
body,0.0010313531353135313,0.0018033014287695936,0.0014698677119059284,0.00221010755856785
book,2.0627062706270627e-4,6.935774726036898e-4,2.449779519843214e-4,1.4734050390452334e-4
born,0.0035066006600660065,4.161464835622139e-4,2.449779519843214e-4,0.0010313835273316634
borne,4.1254125412541255e-4,1.3871549452073797e-4,2.449779519843214e-4,2.946810078090467e-4
bound,8.250825082508251e-4,4.161464835622139e-4,9.799118079372856e-4,5.893620156180934e-4
brake,4.1254125412541255e-4,6.935774726036898e-4,0.001224889759921607,4.420215117135701e-4
branches,4.1254125412541255e-4,1.3871549452073797e-4,4.899559039686428e-4,2.946810078090467e-4
bread,0.004125412541254125,0.0019420169232903315,0.0034296913277804997,0.002062767054663327
brethren,0.0012376237623762376,0.0013871549452073796,0.0017148456638902498,0.0023574480624723735
bridegroom,6.188118811881188e-4,2.7743098904147595e-4,7.349338559529642e-4,8.840430234271402e-4
bring,0.0014438943894389438,0.0020807324178110697,0.0017148456638902498,0.0017680860468542803
bringeth,4.1254125412541255e-4,5.548619780829519e-4,2.449779519843214e-4,0.0013260645351407102
broken,0.0012376237623762376,2.7743098904147595e-4,7.349338559529642e-4,4.420215117135701e-4
brother,0.0016501650165016502,0.0018033014287695936,0.002939735423811857,0.0030941505819949903
brought,0.0016501650165016502,0.0027743098904147593,0.0031847133757961785,0.0033888315898040373
buy,6.188118811881188e-4,2.7743098904147595e-4,4.899559039686428e-4,4.420215117135701e-4
caesar,4.1254125412541255e-4,6.935774726036898e-4,4.899559039686428e-4,2.946810078090467e-4
caesar's,2.0627062706270627e-4,2.7743098904147595e-4,4.899559039686428e-4,2.946810078090467e-4
call,6.188118811881188e-4,9.710084616451658e-4,9.799118079372856e-4,0.0013260645351407102
called,0.004537953795379538,0.004993757802746567,0.0031847133757961785,0.005304258140562841
calleth,4.1254125412541255e-4,5.548619780829519e-4,9.799118079372856e-4,1.4734050390452334e-4
canst,4.1254125412541255e-4,2.7743098904147595e-4,7.349338559529642e-4,2.946810078090467e-4
capernaum,0.0010313531353135313,5.548619780829519e-4,7.349338559529642e-4,5.893620156180934e-4
cast,0.0028877887788778876,0.004300180330142877,0.006859382655560999,0.007072344187417121
caught,4.1254125412541255e-4,1.3871549452073797e-4,2.449779519843214e-4,2.946810078090467e-4
chief,0.002268976897689769,0.0027743098904147593,0.0039196472317491425,0.002946810078090467
child,4.1254125412541255e-4,0.0024968789013732834,0.001224889759921607,0.002504788566376897
children,0.0012376237623762376,0.003190456373976973,0.002449779519843214,0.004567555621040224
chosen,0.0010313531353135313,2.7743098904147595e-4,2.449779519843214e-4,4.420215117135701e-4
christ,0.004331683168316832,0.0019420169232903315,0.0019598236158745713,0.002504788566376897
city,0.0016501650165016502,0.004993757802746567,0.0017148456638902498,0.0032414910858995136
clean,8.250825082508251e-4,5.548619780829519e-4,4.899559039686428e-4,7.367025195226168e-4
clothes,8.250825082508251e-4,6.935774726036898e-4,9.799118079372856e-4,4.420215117135701e-4
cock,4.1254125412541255e-4,4.161464835622139e-4,9.799118079372856e-4,4.420215117135701e-4
colt,2.0627062706270627e-4,5.548619780829519e-4,9.799118079372856e-4,4.420215117135701e-4
cometh,0.008457095709570957,0.0026355943958940213,0.0046545810877021065,0.0030941505819949903
comfort,2.0627062706270627e-4,1.3871549452073797e-4,2.449779519843214e-4,1.4734050390452334e-4
coming,0.0018564356435643563,0.0013871549452073796,0.0014698677119059284,0.0014734050390452335
command,4.1254125412541255e-4,4.161464835622139e-4,2.449779519843214e-4,4.420215117135701e-4
commanded,2.0627062706270627e-4,0.0012484394506866417,0.002449779519843214,0.0014734050390452335
commandment,0.0014438943894389438,2.7743098904147595e-4,0.001224889759921607,7.367025195226168e-4
commandments,8.250825082508251e-4,2.7743098904147595e-4,7.349338559529642e-4,5.893620156180934e-4
commit,2.0627062706270627e-4,4.161464835622139e-4,2.449779519843214e-4,5.893620156180934e-4
committed,2.0627062706270627e-4,1.3871549452073797e-4,2.449779519843214e-4,1.4734050390452334e-4
committeth,2.0627062706270627e-4,2.7743098904147595e-4,4.899559039686428e-4,2.946810078090467e-4
condemn,4.1254125412541255e-4,4.161464835622139e-4,2.449779519843214e-4,4.420215117135701e-4
condemned,6.188118811881188e-4,2.7743098904147595e-4,2.449779519843214e-4,4.420215117135701e-4
converted,2.0627062706270627e-4,1.3871549452073797e-4,2.449779519843214e-4,2.946810078090467e-4
corn,2.0627062706270627e-4,2.7743098904147595e-4,7.349338559529642e-4,2.946810078090467e-4
council,2.0627062706270627e-4,1.3871549452073797e-4,4.899559039686428e-4,4.420215117135701e-4
counsel,4.1254125412541255e-4,2.7743098904147595e-4,2.449779519843214e-4,5.893620156180934e-4
country,6.188118811881188e-4,0.0022194479123318076,0.002449779519843214,0.0011787240312361867
crew,2.0627062706270627e-4,1.3871549452073797e-4,4.899559039686428e-4,1.4734050390452334e-4
cried,0.0020627062706270625,0.0013871549452073796,0.0034296913277804997,0.0014734050390452335
cross,8.250825082508251e-4,4.161464835622139e-4,0.001224889759921607,7.367025195226168e-4
crow,2.0627062706270627e-4,2.7743098904147595e-4,4.899559039686428e-4,2.946810078090467e-4
crucified,0.0012376237623762376,5.548619780829519e-4,0.001224889759921607,0.0011787240312361867
crucify,0.0012376237623762376,2.7743098904147595e-4,9.799118079372856e-4,4.420215117135701e-4
crying,2.0627062706270627e-4,2.7743098904147595e-4,7.349338559529642e-4,4.420215117135701e-4
cup,2.0627062706270627e-4,6.935774726036898e-4,0.001224889759921607,0.0011787240312361867
custom,2.0627062706270627e-4,6.935774726036898e-4,2.449779519843214e-4,2.946810078090467e-4
cut,4.1254125412541255e-4,5.548619780829519e-4,9.799118079372856e-4,5.893620156180934e-4
damnation,2.0627062706270627e-4,1.3871549452073797e-4,4.899559039686428e-4,2.946810078090467e-4
darkness,0.0014438943894389438,8.322929671244278e-4,2.449779519843214e-4,0.0013260645351407102
daughter,2.0627062706270627e-4,0.0012484394506866417,0.0019598236158745713,0.0013260645351407102
david,4.1254125412541255e-4,0.0016645859342488557,0.0017148456638902498,0.002504788566376897
day,0.00825082508250825,0.008739076154806492,0.005389514943655071,0.005746279652276411
days,0.0020627062706270625,0.005132473297267305,0.0046545810877021065,0.0033888315898040373
dead,0.004331683168316832,0.0026355943958940213,0.0031847133757961785,0.0023574480624723735
death,0.0024752475247524753,0.0013871549452073796,0.002449779519843214,0.0017680860468542803
delivered,0.0012376237623762376,0.0022194479123318076,0.0014698677119059284,0.0010313835273316634
denied,8.250825082508251e-4,4.161464835622139e-4,4.899559039686428e-4,2.946810078090467e-4
depart,6.188118811881188e-4,0.0012484394506866417,7.349338559529642e-4,8.840430234271402e-4
departed,0.0010313531353135313,0.0020807324178110697,0.0017148456638902498,0.0035361720937085606
desert,2.0627062706270627e-4,4.161464835622139e-4,9.799118079372856e-4,4.420215117135701e-4
desired,2.0627062706270627e-4,8.322929671244278e-4,2.449779519843214e-4,2.946810078090467e-4
destroy,4.1254125412541255e-4,6.935774726036898e-4,0.0014698677119059284,0.0011787240312361867
devil,0.0020627062706270625,0.0018033014287695936,0.0014698677119059284,0.0017680860468542803
die,0.0035066006600660065,5.548619780829519e-4,7.349338559529642e-4,4.420215117135701e-4
died,6.188118811881188e-4,8.322929671244278e-4,4.899559039686428e-4,1.4734050390452334e-4
disciples,0.013407590759075907,0.004855042308225829,0.011268985791278784,0.010461175777221159
doctrine,6.188118811881188e-4,1.3871549452073797e-4,0.001224889759921607,4.420215117135701e-4
doest,8.250825082508251e-4,1.3871549452073797e-4,2.449779519843214e-4,4.420215117135701e-4
door,0.0014438943894389438,4.161464835622139e-4,0.001224889759921607,5.893620156180934e-4
doth,0.0010313531353135313,0.0013871549452073796,7.349338559529642e-4,0.0013260645351407102
doubt,2.0627062706270627e-4,1.3871549452073797e-4,2.449779519843214e-4,2.946810078090467e-4
dove,2.0627062706270627e-4,1.3871549452073797e-4,2.449779519843214e-4,1.4734050390452334e-4
drew,6.188118811881188e-4,9.710084616451658e-4,4.899559039686428e-4,5.893620156180934e-4
drink,0.0014438943894389438,0.0013871549452073796,0.002449779519843214,0.002504788566376897
durst,2.0627062706270627e-4,1.3871549452073797e-4,2.449779519843214e-4,1.4734050390452334e-4
ear,4.1254125412541255e-4,4.161464835622139e-4,7.349338559529642e-4,2.946810078090467e-4
earth,8.250825082508251e-4,0.0023581634068525455,0.002204801567858893,0.0039781936054221305
eat,0.003094059405940594,0.003745318352059925,0.006369426751592357,0.002504788566376897
eaten,4.1254125412541255e-4,2.7743098904147595e-4,2.449779519843214e-4,1.4734050390452334e-4
eateth,0.0010313531353135313,1.3871549452073797e-4,4.899559039686428e-4,1.4734050390452334e-4
elias,4.1254125412541255e-4,0.0011097239561659038,0.002204801567858893,0.0013260645351407102
enter,6.188118811881188e-4,0.0023581634068525455,0.0034296913277804997,0.002504788566376897
entered,0.0014438943894389438,0.0024968789013732834,0.002939735423811857,7.367025195226168e-4
entereth,4.1254125412541255e-4,1.3871549452073797e-4,7.349338559529642e-4,1.4734050390452334e-4
esaias,8.250825082508251e-4,2.7743098904147595e-4,2.449779519843214e-4,8.840430234271402e-4
eternal,0.0018564356435643563,2.7743098904147595e-4,7.349338559529642e-4,2.946810078090467e-4
evening,2.0627062706270627e-4,1.3871549452073797e-4,2.449779519843214e-4,4.420215117135701e-4
evil,0.0014438943894389438,0.0019420169232903315,0.0014698677119059284,0.002946810078090467
eyes,0.0037128712871287127,0.0012484394506866417,0.0014698677119059284,0.0017680860468542803
faithless,2.0627062706270627e-4,1.3871549452073797e-4,2.449779519843214e-4,1.4734050390452334e-4
fall,2.0627062706270627e-4,0.0011097239561659038,2.449779519843214e-4,0.0013260645351407102
father,0.02599009900990099,0.005964766264391732,0.0046545810877021065,0.0088404302342714
fault,6.188118811881188e-4,2.7743098904147595e-4,2.449779519843214e-4,1.4734050390452334e-4
feared,2.0627062706270627e-4,8.322929671244278e-4,0.001224889759921607,4.420215117135701e-4
feast,0.004331683168316832,8.322929671244278e-4,7.349338559529642e-4,5.893620156180934e-4
feet,0.0026815181518151814,0.0022194479123318076,9.799118079372856e-4,8.840430234271402e-4
fell,4.1254125412541255e-4,0.0024968789013732834,0.002449779519843214,0.0016207455429497568
fever,2.0627062706270627e-4,2.7743098904147595e-4,4.899559039686428e-4,2.946810078090467e-4
fig,4.1254125412541255e-4,4.161464835622139e-4,9.799118079372856e-4,7.367025195226168e-4
filled,0.0014438943894389438,0.0020807324178110697,0.001224889759921607,5.893620156180934e-4
findeth,8.250825082508251e-4,2.7743098904147595e-4,2.449779519843214e-4,7.367025195226168e-4
fire,6.188118811881188e-4,0.0011097239561659038,0.002204801567858893,0.0017680860468542803
fishes,0.0010313531353135313,5.548619780829519e-4,0.001224889759921607,5.893620156180934e-4
flee,2.0627062706270627e-4,2.7743098904147595e-4,2.449779519843214e-4,5.893620156180934e-4
flesh,0.0026815181518151814,2.7743098904147595e-4,9.799118079372856e-4,7.367025195226168e-4
follow,0.0020627062706270625,0.0012484394506866417,0.0017148456638902498,8.840430234271402e-4
followeth,2.0627062706270627e-4,1.3871549452073797e-4,4.899559039686428e-4,1.4734050390452334e-4
foot,2.0627062706270627e-4,1.3871549452073797e-4,2.449779519843214e-4,7.367025195226168e-4
forty,2.0627062706270627e-4,1.3871549452073797e-4,2.449779519843214e-4,2.946810078090467e-4
found,0.0014438943894389438,0.003884033846580663,0.0019598236158745713,0.0019154265507588036
fragments,4.1254125412541255e-4,1.3871549452073797e-4,7.349338559529642e-4,1.4734050390452334e-4
fruit,0.0020627062706270625,0.0018033014287695936,0.0019598236158745713,0.00221010755856785
fulfilled,0.002268976897689769,0.0011097239561659038,9.799118079372856e-4,0.0023574480624723735
galilee,0.0035066006600660065,0.0020807324178110697,0.002939735423811857,0.002504788566376897
garments,6.188118811881188e-4,2.7743098904147595e-4,7.349338559529642e-4,5.893620156180934e-4
gather,6.188118811881188e-4,5.548619780829519e-4,2.449779519843214e-4,0.0014734050390452335
gathered,4.1254125412541255e-4,9.710084616451658e-4,0.001224889759921607,0.002062767054663327
gentiles,4.1254125412541255e-4,6.935774726036898e-4,4.899559039686428e-4,0.0011787240312361867
ghost,0.0010313531353135313,0.0016645859342488557,0.0014698677119059284,0.0010313835273316634
glad,6.188118811881188e-4,6.935774726036898e-4,2.449779519843214e-4,1.4734050390452334e-4
glorified,0.0024752475247524753,8.322929671244278e-4,2.449779519843214e-4,2.946810078090467e-4
glory,0.0024752475247524753,0.0016645859342488557,7.349338559529642e-4,0.0013260645351407102
god,0.016914191419141914,0.01720072132057151,0.012493875551200392,0.008103727714748784
god's,2.0627062706270627e-4,2.7743098904147595e-4,2.449779519843214e-4,2.946810078090467e-4
goeth,0.0010313531353135313,4.161464835622139e-4,0.001224889759921607,0.0013260645351407102
grass,2.0627062706270627e-4,1.3871549452073797e-4,2.449779519843214e-4,2.946810078090467e-4
ground,0.0012376237623762376,9.710084616451658e-4,0.0019598236158745713,5.893620156180934e-4
hail,2.0627062706270627e-4,1.3871549452073797e-4,2.449779519843214e-4,4.420215117135701e-4
hair,4.1254125412541255e-4,1.3871549452073797e-4,2.449779519843214e-4,2.946810078090467e-4
hall,8.250825082508251e-4,1.3871549452073797e-4,2.449779519843214e-4,1.4734050390452334e-4
halt,2.0627062706270627e-4,1.3871549452073797e-4,2.449779519843214e-4,1.4734050390452334e-4
hand,0.0024752475247524753,0.0026355943958940213,0.00514453699167075,0.004567555621040224
hands,0.0020627062706270625,0.0018033014287695936,0.004164625183733464,0.0019154265507588036
harvest,4.1254125412541255e-4,4.161464835622139e-4,2.449779519843214e-4,8.840430234271402e-4
hast,0.007425742574257425,0.0026355943958940213,7.349338559529642e-4,0.0026521290702814205
hated,0.0010313531353135313,2.7743098904147595e-4,2.449779519843214e-4,2.946810078090467e-4
hath,0.015676567656765675,0.010681093078096823,0.006859382655560999,0.006040960660085457
head,0.0010313531353135313,9.710084616451658e-4,0.002204801567858893,0.0016207455429497568
heal,4.1254125412541255e-4,0.0011097239561659038,4.899559039686428e-4,7.367025195226168e-4
healed,2.0627062706270627e-4,0.0023581634068525455,0.0014698677119059284,0.0014734050390452335
hear,0.0037128712871287127,0.003745318352059925,0.004409603135717786,0.0039781936054221305
heard,0.006806930693069307,0.004300180330142877,0.006124448799608035,0.004714896124944747
heart,0.0014438943894389438,0.0016645859342488557,0.002449779519843214,0.00221010755856785
heaven,0.003919141914191419,0.004300180330142877,0.004164625183733464,0.011197878296743775
hid,2.0627062706270627e-4,0.0012484394506866417,4.899559039686428e-4,0.0010313835273316634
holy,0.0010313531353135313,0.0026355943958940213,0.0017148456638902498,0.0016207455429497568
home,4.1254125412541255e-4,2.7743098904147595e-4,2.449779519843214e-4,1.4734050390452334e-4
honour,0.0020627062706270625,1.3871549452073797e-4,7.349338559529642e-4,5.893620156180934e-4
hour,0.004331683168316832,0.0018033014287695936,0.002204801567858893,0.0030941505819949903
house,0.0020627062706270625,0.008045498682202803,0.007349338559529643,0.005304258140562841
hundred,0.0010313531353135313,5.548619780829519e-4,9.799118079372856e-4,2.946810078090467e-4
husband,8.250825082508251e-4,2.7743098904147595e-4,2.449779519843214e-4,2.946810078090467e-4
immediately,0.0010313531353135313,0.0018033014287695936,0.004164625183733464,8.840430234271402e-4
iscariot,0.0010313531353135313,2.7743098904147595e-4,4.899559039686428e-4,2.946810078090467e-4
israel,8.250825082508251e-4,0.0016645859342488557,4.899559039686428e-4,0.0017680860468542803
jacob,4.1254125412541255e-4,5.548619780829519e-4,2.449779519843214e-4,8.840430234271402e-4
jerusalem,0.0026815181518151814,0.004577611319184353,0.0026947574718275357,0.0019154265507588036
jews,0.014026402640264026,6.935774726036898e-4,0.0014698677119059284,7.367025195226168e-4
john,0.003919141914191419,0.004300180330142877,0.006369426751592357,0.003830853101517607
jordan,6.188118811881188e-4,2.7743098904147595e-4,9.799118079372856e-4,8.840430234271402e-4
joseph,8.250825082508251e-4,0.0013871549452073796,4.899559039686428e-4,0.0013260645351407102
journey,2.0627062706270627e-4,5.548619780829519e-4,4.899559039686428e-4,2.946810078090467e-4
judaea,0.0012376237623762376,0.0011097239561659038,9.799118079372856e-4,0.0011787240312361867
judas,0.0018564356435643563,6.935774726036898e-4,7.349338559529642e-4,0.0011787240312361867
judgment,0.0028877887788778876,5.548619780829519e-4,2.449779519843214e-4,0.0019154265507588036
kill,0.0018564356435643563,8.322929671244278e-4,0.001224889759921607,0.0013260645351407102
king,0.0033003300330033004,0.0011097239561659038,0.0026947574718275357,0.002946810078090467
kingdom,0.0010313531353135313,0.006242197253433208,0.00514453699167075,0.008251068218653308
knowest,0.0018564356435643563,2.7743098904147595e-4,2.449779519843214e-4,1.4734050390452334e-4
knoweth,0.0016501650165016502,4.161464835622139e-4,4.899559039686428e-4,7.367025195226168e-4
knowing,8.250825082508251e-4,4.161464835622139e-4,9.799118079372856e-4,2.946810078090467e-4
laid,0.0024752475247524753,0.0023581634068525455,0.002449779519843214,0.0013260645351407102
land,0.0010313531353135313,9.710084616451658e-4,0.001224889759921607,0.0016207455429497568
lawful,4.1254125412541255e-4,6.935774726036898e-4,0.0014698677119059284,0.0013260645351407102
lay,0.0018564356435643563,9.710084616451658e-4,0.0017148456638902498,0.0011787240312361867
leave,0.0010313531353135313,4.161464835622139e-4,9.799118079372856e-4,5.893620156180934e-4
led,6.188118811881188e-4,0.0012484394506866417,9.799118079372856e-4,5.893620156180934e-4
left,0.0010313531353135313,0.0018033014287695936,0.0039196472317491425,0.0027994695741859438
life,0.009075907590759076,0.0020807324178110697,0.0019598236158745713,0.00221010755856785
lifted,0.002268976897689769,5.548619780829519e-4,4.899559039686428e-4,1.4734050390452334e-4
light,0.0049504950495049506,0.0018033014287695936,2.449779519843214e-4,0.002062767054663327
likewise,6.188118811881188e-4,0.0027743098904147593,9.799118079372856e-4,0.0016207455429497568
linen,8.250825082508251e-4,4.161464835622139e-4,9.799118079372856e-4,1.4734050390452334e-4
live,0.0016501650165016502,5.548619780829519e-4,2.449779519843214e-4,2.946810078090467e-4
living,0.0012376237623762376,9.710084616451658e-4,4.899559039686428e-4,4.420215117135701e-4
lo,4.1254125412541255e-4,0.0012484394506866417,9.799118079372856e-4,0.0011787240312361867
loaves,8.250825082508251e-4,4.161464835622139e-4,0.0019598236158745713,0.0010313835273316634
loose,2.0627062706270627e-4,5.548619780829519e-4,4.899559039686428e-4,4.420215117135701e-4
lord,0.009488448844884489,0.014287695935636011,0.0046545810877021065,0.011197878296743775
lose,4.1254125412541255e-4,9.710084616451658e-4,9.799118079372856e-4,7.367025195226168e-4
lost,6.188118811881188e-4,9.710084616451658e-4,2.449779519843214e-4,5.893620156180934e-4
lots,4.1254125412541255e-4,1.3871549452073797e-4,2.449779519843214e-4,2.946810078090467e-4
loud,2.0627062706270627e-4,9.710084616451658e-4,9.799118079372856e-4,2.946810078090467e-4
love,0.004537953795379538,0.0016645859342488557,0.0014698677119059284,0.0016207455429497568
lying,6.188118811881188e-4,2.7743098904147595e-4,2.449779519843214e-4,1.4734050390452334e-4
magdalene,6.188118811881188e-4,2.7743098904147595e-4,9.799118079372856e-4,4.420215117135701e-4
maketh,2.0627062706270627e-4,1.3871549452073797e-4,2.449779519843214e-4,1.4734050390452334e-4
manner,6.188118811881188e-4,0.0012484394506866417,7.349338559529642e-4,0.0011787240312361867
man's,2.0627062706270627e-4,6.935774726036898e-4,4.899559039686428e-4,4.420215117135701e-4
marriage,4.1254125412541255e-4,4.161464835622139e-4,2.449779519843214e-4,8.840430234271402e-4
marvelled,4.1254125412541255e-4,8.322929671244278e-4,9.799118079372856e-4,0.0010313835273316634
mary,0.003094059405940594,0.0023581634068525455,0.0019598236158745713,0.0016207455429497568
master,0.0020627062706270625,0.0034678873630184493,0.004164625183733464,0.0023574480624723735
measure,2.0627062706270627e-4,2.7743098904147595e-4,9.799118079372856e-4,2.946810078090467e-4
meat,0.0014438943894389438,0.0023581634068525455,9.799118079372856e-4,0.0014734050390452335
meet,2.0627062706270627e-4,4.161464835622139e-4,4.899559039686428e-4,7.367025195226168e-4
met,8.250825082508251e-4,4.161464835622139e-4,4.899559039686428e-4,2.946810078090467e-4
midst,0.0014438943894389438,0.0013871549452073796,9.799118079372856e-4,5.893620156180934e-4
mine,0.0033003300330033004,9.710084616451658e-4,4.899559039686428e-4,7.367025195226168e-4
money,4.1254125412541255e-4,5.548619780829519e-4,7.349338559529642e-4,0.0010313835273316634
morning,4.1254125412541255e-4,2.7743098904147595e-4,0.001224889759921607,5.893620156180934e-4
moses,0.0026815181518151814,0.0013871549452073796,0.0019598236158745713,0.0010313835273316634
mother,0.0018564356435643563,0.002913025384935497,0.0046545810877021065,0.004125534109326654
mount,2.0627062706270627e-4,8.322929671244278e-4,7.349338559529642e-4,4.420215117135701e-4
mountain,8.250825082508251e-4,6.935774726036898e-4,0.001224889759921607,0.0014734050390452335
multitude,8.250825082508251e-4,0.0024968789013732834,0.004164625183733464,0.003830853101517607
murmured,6.188118811881188e-4,4.161464835622139e-4,2.449779519843214e-4,1.4734050390452334e-4
named,6.188118811881188e-4,0.0015258704397281176,4.899559039686428e-4,2.946810078090467e-4
name's,2.0627062706270627e-4,2.7743098904147595e-4,2.449779519843214e-4,4.420215117135701e-4
nation,0.0010313531353135313,5.548619780829519e-4,7.349338559529642e-4,4.420215117135701e-4
nazareth,0.0010313531353135313,0.0011097239561659038,0.001224889759921607,5.893620156180934e-4
net,8.250825082508251e-4,2.7743098904147595e-4,2.449779519843214e-4,2.946810078090467e-4
nigh,0.0014438943894389438,0.0019420169232903315,0.001224889759921607,5.893620156180934e-4
night,0.0014438943894389438,0.0011097239561659038,0.001224889759921607,8.840430234271402e-4
offend,2.0627062706270627e-4,1.3871549452073797e-4,9.799118079372856e-4,0.0010313835273316634
offended,2.0627062706270627e-4,1.3871549452073797e-4,9.799118079372856e-4,0.0011787240312361867
ointment,8.250825082508251e-4,4.161464835622139e-4,4.899559039686428e-4,4.420215117135701e-4
olives,2.0627062706270627e-4,5.548619780829519e-4,7.349338559529642e-4,4.420215117135701e-4
palace,2.0627062706270627e-4,1.3871549452073797e-4,4.899559039686428e-4,4.420215117135701e-4
parable,2.0627062706270627e-4,0.0022194479123318076,0.0014698677119059284,0.0013260645351407102
parents,0.0012376237623762376,6.935774726036898e-4,2.449779519843214e-4,1.4734050390452334e-4
pass,8.250825082508251e-4,0.008045498682202803,0.0026947574718275357,0.00221010755856785
passed,6.188118811881188e-4,5.548619780829519e-4,0.002204801567858893,5.893620156180934e-4
passover,0.0020627062706270625,9.710084616451658e-4,0.001224889759921607,5.893620156180934e-4
peace,0.0012376237623762376,0.0026355943958940213,0.0019598236158745713,8.840430234271402e-4
pence,2.0627062706270627e-4,2.7743098904147595e-4,2.449779519843214e-4,1.4734050390452334e-4
people,0.004125412541254125,0.008045498682202803,0.005634492895639392,0.0035361720937085606
perceive,4.1254125412541255e-4,1.3871549452073797e-4,7.349338559529642e-4,1.4734050390452334e-4
perceived,2.0627062706270627e-4,6.935774726036898e-4,2.449779519843214e-4,4.420215117135701e-4
perish,8.250825082508251e-4,9.710084616451658e-4,2.449779519843214e-4,8.840430234271402e-4
peter,0.006600660066006601,0.0027743098904147593,0.0046545810877021065,0.0033888315898040373
pharisees,0.004125412541254125,0.002913025384935497,0.002939735423811857,0.004272874613231177
philip,0.0024752475247524753,2.7743098904147595e-4,2.449779519843214e-4,1.4734050390452334e-4
pilate,0.004331683168316832,0.0016645859342488557,0.002449779519843214,0.0013260645351407102
poor,8.250825082508251e-4,0.0012484394506866417,0.001224889759921607,7.367025195226168e-4
power,0.0014438943894389438,0.0024968789013732834,0.0017148456638902498,0.0011787240312361867
pray,0.0012376237623762376,0.0019420169232903315,0.0019598236158745713,0.0017680860468542803
prayed,2.0627062706270627e-4,9.710084616451658e-4,9.799118079372856e-4,4.420215117135701e-4
preparation,6.188118811881188e-4,1.3871549452073797e-4,2.449779519843214e-4,1.4734050390452334e-4
prepare,4.1254125412541255e-4,6.935774726036898e-4,7.349338559529642e-4,4.420215117135701e-4
priest,0.0020627062706270625,5.548619780829519e-4,0.002449779519843214,8.840430234271402e-4
priests,0.002268976897689769,0.0022194479123318076,0.0034296913277804997,0.002946810078090467
prison,2.0627062706270627e-4,6.935774726036898e-4,7.349338559529642e-4,0.0014734050390452335
prophesied,2.0627062706270627e-4,1.3871549452073797e-4,2.449779519843214e-4,2.946810078090467e-4
prophet,0.0020627062706270625,0.0019420169232903315,9.799118079372856e-4,0.0035361720937085606
prophets,8.250825082508251e-4,0.0024968789013732834,9.799118079372856e-4,0.002504788566376897
putteth,2.0627062706270627e-4,6.935774726036898e-4,7.349338559529642e-4,2.946810078090467e-4
question,2.0627062706270627e-4,1.3871549452073797e-4,9.799118079372856e-4,1.4734050390452334e-4
quickly,4.1254125412541255e-4,2.7743098904147595e-4,2.449779519843214e-4,4.420215117135701e-4
raiment,2.0627062706270627e-4,6.935774726036898e-4,2.449779519843214e-4,0.0010313835273316634
raise,0.0010313531353135313,2.7743098904147595e-4,2.449779519843214e-4,4.420215117135701e-4
ran,2.0627062706270627e-4,5.548619780829519e-4,0.001224889759921607,2.946810078090467e-4
read,2.0627062706270627e-4,2.7743098904147595e-4,7.349338559529642e-4,8.840430234271402e-4
ready,2.0627062706270627e-4,0.0012484394506866417,7.349338559529642e-4,7.367025195226168e-4
reason,4.1254125412541255e-4,2.7743098904147595e-4,4.899559039686428e-4,1.4734050390452334e-4
receive,0.0028877887788778876,0.0024968789013732834,0.002939735423811857,0.002062767054663327
received,0.003094059405940594,0.0012484394506866417,9.799118079372856e-4,0.0026521290702814205
receiveth,0.0014438943894389438,5.548619780829519e-4,4.899559039686428e-4,0.0013260645351407102
release,8.250825082508251e-4,5.548619780829519e-4,4.899559039686428e-4,4.420215117135701e-4
remember,4.1254125412541255e-4,6.935774726036898e-4,2.449779519843214e-4,2.946810078090467e-4
rest,2.0627062706270627e-4,5.548619780829519e-4,4.899559039686428e-4,7.367025195226168e-4
resurrection,8.250825082508251e-4,6.935774726036898e-4,4.899559039686428e-4,7.367025195226168e-4
righteous,4.1254125412541255e-4,5.548619780829519e-4,2.449779519843214e-4,0.0017680860468542803
rise,8.250825082508251e-4,0.0018033014287695936,0.0031847133757961785,0.0013260645351407102
risen,4.1254125412541255e-4,9.710084616451658e-4,0.0017148456638902498,0.0010313835273316634
round,2.0627062706270627e-4,0.0012484394506866417,0.002449779519843214,4.420215117135701e-4
ruler,4.1254125412541255e-4,8.322929671244278e-4,7.349338559529642e-4,7.367025195226168e-4
sabbath,0.002268976897689769,0.0024968789013732834,0.0026947574718275357,0.0014734050390452335
saith,0.02330858085808581,0.0013871549452073796,0.011758941695247428,0.006925003683512598
sake,0.0010313531353135313,6.935774726036898e-4,0.0019598236158745713,0.0017680860468542803
sat,0.0018564356435643563,0.0022194479123318076,0.0046545810877021065,0.0023574480624723735
satan,2.0627062706270627e-4,8.322929671244278e-4,0.0014698677119059284,5.893620156180934e-4
save,0.0010313531353135313,0.0018033014287695936,0.002204801567858893,0.0017680860468542803
saved,6.188118811881188e-4,9.710084616451658e-4,0.001224889759921607,7.367025195226168e-4
sayest,0.0018564356435643563,5.548619780829519e-4,7.349338559529642e-4,2.946810078090467e-4
scattered,4.1254125412541255e-4,1.3871549452073797e-4,2.449779519843214e-4,2.946810078090467e-4
scourge,2.0627062706270627e-4,1.3871549452073797e-4,2.449779519843214e-4,4.420215117135701e-4
scribes,2.0627062706270627e-4,0.0020807324178110697,0.00514453699167075,0.0032414910858995136
scriptures,2.0627062706270627e-4,4.161464835622139e-4,4.899559039686428e-4,5.893620156180934e-4
sea,0.0020627062706270625,5.548619780829519e-4,0.0046545810877021065,0.0026521290702814205
season,4.1254125412541255e-4,8.322929671244278e-4,4.899559039686428e-4,1.4734050390452334e-4
secret,6.188118811881188e-4,2.7743098904147595e-4,2.449779519843214e-4,0.0011787240312361867
seed,6.188118811881188e-4,8.322929671244278e-4,0.0017148456638902498,0.0016207455429497568
seek,0.003094059405940594,0.0013871549452073796,9.799118079372856e-4,7.367025195226168e-4
seeking,2.0627062706270627e-4,5.548619780829519e-4,2.449779519843214e-4,2.946810078090467e-4
seeth,0.0028877887788778876,1.3871549452073797e-4,2.449779519843214e-4,4.420215117135701e-4
send,0.0012376237623762376,0.0013871549452073796,0.002449779519843214,0.0019154265507588036
sepulchre,0.002268976897689769,0.0011097239561659038,0.0014698677119059284,8.840430234271402e-4
servant,0.0014438943894389438,0.0034678873630184493,0.001224889759921607,0.0032414910858995136
servants,0.0014438943894389438,0.0012484394506866417,9.799118079372856e-4,0.0023574480624723735
set,0.0014438943894389438,0.0019420169232903315,0.002204801567858893,0.0011787240312361867
shalt,0.0016501650165016502,0.003606602857539187,0.0014698677119059284,0.004272874613231177
sheep,0.004537953795379538,2.7743098904147595e-4,4.899559039686428e-4,0.0016207455429497568
shew,0.0018564356435643563,0.0011097239561659038,9.799118079372856e-4,0.0013260645351407102
ship,0.0014438943894389438,5.548619780829519e-4,0.004409603135717786,0.0019154265507588036
shouldest,6.188118811881188e-4,1.3871549452073797e-4,2.449779519843214e-4,2.946810078090467e-4
sick,0.0010313531353135313,9.710084616451658e-4,0.0031847133757961785,0.002062767054663327
sight,8.250825082508251e-4,0.0015258704397281176,4.899559039686428e-4,4.420215117135701e-4
sign,4.1254125412541255e-4,0.0011097239561659038,9.799118079372856e-4,0.0016207455429497568
signs,4.1254125412541255e-4,4.161464835622139e-4,7.349338559529642e-4,2.946810078090467e-4
simon,0.0049504950495049506,0.0019420169232903315,0.002204801567858893,0.0013260645351407102
sinners,2.0627062706270627e-4,0.0015258704397281176,0.001224889759921607,7.367025195226168e-4
sins,0.0012376237623762376,0.0015258704397281176,0.0019598236158745713,8.840430234271402e-4
sister,0.0010313531353135313,2.7743098904147595e-4,2.449779519843214e-4,1.4734050390452334e-4
sisters,2.0627062706270627e-4,1.3871549452073797e-4,7.349338559529642e-4,2.946810078090467e-4
sit,2.0627062706270627e-4,0.0018033014287695936,0.0014698677119059284,0.0016207455429497568
sitting,6.188118811881188e-4,8.322929671244278e-4,0.001224889759921607,0.0010313835273316634
sixth,4.1254125412541255e-4,4.161464835622139e-4,2.449779519843214e-4,2.946810078090467e-4
sleep,6.188118811881188e-4,2.7743098904147595e-4,4.899559039686428e-4,2.946810078090467e-4
sleepeth,2.0627062706270627e-4,1.3871549452073797e-4,2.449779519843214e-4,1.4734050390452334e-4
smote,4.1254125412541255e-4,6.935774726036898e-4,4.899559039686428e-4,5.893620156180934e-4
sold,6.188118811881188e-4,4.161464835622139e-4,7.349338559529642e-4,8.840430234271402e-4
soldiers,0.0010313531353135313,4.161464835622139e-4,2.449779519843214e-4,5.893620156180934e-4
son,0.012995049504950494,0.020113746705507005,0.009309162175404213,0.011492559304552822
sons,4.1254125412541255e-4,4.161464835622139e-4,7.349338559529642e-4,5.893620156180934e-4
sorrowful,2.0627062706270627e-4,2.7743098904147595e-4,4.899559039686428e-4,5.893620156180934e-4
sought,0.0018564356435643563,0.0018033014287695936,0.001224889759921607,5.893620156180934e-4
soul,2.0627062706270627e-4,8.322929671244278e-4,0.001224889759921607,0.0010313835273316634
spake,0.006394389438943895,0.004855042308225829,0.0026947574718275357,0.0023574480624723735
speak,0.004125412541254125,0.0015258704397281176,0.002449779519843214,0.0016207455429497568
spirit,0.0037128712871287127,0.002913025384935497,0.004164625183733464,0.0014734050390452335
spoken,0.0037128712871287127,0.0012484394506866417,0.0014698677119059284,0.00221010755856785
stand,2.0627062706270627e-4,8.322929671244278e-4,0.0014698677119059284,7.367025195226168e-4
standing,6.188118811881188e-4,5.548619780829519e-4,4.899559039686428e-4,5.893620156180934e-4
steal,2.0627062706270627e-4,1.3871549452073797e-4,2.449779519843214e-4,5.893620156180934e-4
stone,0.002268976897689769,0.0013871549452073796,0.001224889759921607,0.0011787240312361867
stones,4.1254125412541255e-4,4.161464835622139e-4,7.349338559529642e-4,2.946810078090467e-4
stood,0.0033003300330033004,0.0026355943958940213,0.0019598236158745713,0.0010313835273316634
straight,2.0627062706270627e-4,4.161464835622139e-4,2.449779519843214e-4,1.4734050390452334e-4
straightway,2.0627062706270627e-4,5.548619780829519e-4,0.0046545810877021065,0.0011787240312361867
stretch,2.0627062706270627e-4,1.3871549452073797e-4,2.449779519843214e-4,1.4734050390452334e-4
surely,2.0627062706270627e-4,2.7743098904147595e-4,2.449779519843214e-4,1.4734050390452334e-4
sword,4.1254125412541255e-4,5.548619780829519e-4,2.449779519843214e-4,7.367025195226168e-4
synagogue,8.250825082508251e-4,0.0012484394506866417,0.0019598236158745713,2.946810078090467e-4
synagogues,2.0627062706270627e-4,9.710084616451658e-4,7.349338559529642e-4,0.0010313835273316634
tabernacles,2.0627062706270627e-4,1.3871549452073797e-4,2.449779519843214e-4,1.4734050390452334e-4
table,4.1254125412541255e-4,5.548619780829519e-4,2.449779519843214e-4,1.4734050390452334e-4
taketh,0.0010313531353135313,9.710084616451658e-4,0.0014698677119059284,8.840430234271402e-4
taking,2.0627062706270627e-4,4.161464835622139e-4,2.449779519843214e-4,1.4734050390452334e-4
talked,2.0627062706270627e-4,4.161464835622139e-4,2.449779519843214e-4,1.4734050390452334e-4
tarry,6.188118811881188e-4,2.7743098904147595e-4,2.449779519843214e-4,1.4734050390452334e-4
taste,2.0627062706270627e-4,2.7743098904147595e-4,2.449779519843214e-4,1.4734050390452334e-4
taught,0.0016501650165016502,0.0011097239561659038,0.002204801567858893,5.893620156180934e-4
teach,6.188118811881188e-4,2.7743098904147595e-4,9.799118079372856e-4,5.893620156180934e-4
temple,0.0028877887788778876,0.0026355943958940213,0.002939735423811857,0.002946810078090467
tempting,2.0627062706270627e-4,1.3871549452073797e-4,4.899559039686428e-4,4.420215117135701e-4
testimony,0.0010313531353135313,4.161464835622139e-4,7.349338559529642e-4,2.946810078090467e-4
thereof,8.250825082508251e-4,4.161464835622139e-4,2.449779519843214e-4,0.0013260645351407102
thereon,4.1254125412541255e-4,2.7743098904147595e-4,4.899559039686428e-4,5.893620156180934e-4
thief,6.188118811881188e-4,4.161464835622139e-4,2.449779519843214e-4,2.946810078090467e-4
thieves,2.0627062706270627e-4,4.161464835622139e-4,4.899559039686428e-4,7.367025195226168e-4
thine,0.0024752475247524753,0.0027743098904147593,9.799118079372856e-4,0.002946810078090467
thirty,4.1254125412541255e-4,1.3871549452073797e-4,2.449779519843214e-4,5.893620156180934e-4
thither,0.0010313531353135313,2.7743098904147595e-4,2.449779519843214e-4,1.4734050390452334e-4
thomas,0.0016501650165016502,1.3871549452073797e-4,2.449779519843214e-4,1.4734050390452334e-4
thorns,4.1254125412541255e-4,5.548619780829519e-4,9.799118079372856e-4,7.367025195226168e-4
thousand,2.0627062706270627e-4,4.161464835622139e-4,0.001224889759921607,7.367025195226168e-4
thrice,2.0627062706270627e-4,2.7743098904147595e-4,4.899559039686428e-4,2.946810078090467e-4
thyself,0.0016501650165016502,0.0012484394506866417,7.349338559529642e-4,8.840430234271402e-4
till,6.188118811881188e-4,0.0015258704397281176,0.001224889759921607,0.0023574480624723735
time,0.0035066006600660065,0.003190456373976973,0.002449779519843214,0.003683512597613084
told,0.003094059405940594,0.0019420169232903315,0.0017148456638902498,0.0010313835273316634
touch,2.0627062706270627e-4,4.161464835622139e-4,0.001224889759921607,2.946810078090467e-4
town,6.188118811881188e-4,1.3871549452073797e-4,7.349338559529642e-4,1.4734050390452334e-4
treasury,2.0627062706270627e-4,1.3871549452073797e-4,7.349338559529642e-4,1.4734050390452334e-4
tree,4.1254125412541255e-4,0.0015258704397281176,9.799118079372856e-4,0.00221010755856785
trees,2.0627062706270627e-4,2.7743098904147595e-4,4.899559039686428e-4,2.946810078090467e-4
troubled,0.0014438943894389438,5.548619780829519e-4,4.899559039686428e-4,4.420215117135701e-4
true,0.004125412541254125,1.3871549452073797e-4,2.449779519843214e-4,1.4734050390452334e-4
trust,2.0627062706270627e-4,1.3871549452073797e-4,2.449779519843214e-4,1.4734050390452334e-4
truth,0.005569306930693069,6.935774726036898e-4,7.349338559529642e-4,4.420215117135701e-4
twelve,0.0012376237623762376,0.0018033014287695936,0.0034296913277804997,0.0019154265507588036
understand,4.1254125412541255e-4,2.7743098904147595e-4,0.0014698677119059284,0.0011787240312361867
understood,6.188118811881188e-4,4.161464835622139e-4,2.449779519843214e-4,5.893620156180934e-4
verily,0.010313531353135313,0.0011097239561659038,0.0036746692797648213,0.0044202151171357
vine,6.188118811881188e-4,1.3871549452073797e-4,2.449779519843214e-4,1.4734050390452334e-4
vinegar,6.188118811881188e-4,1.3871549452073797e-4,2.449779519843214e-4,2.946810078090467e-4
voice,0.0028877887788778876,0.0016645859342488557,0.0017148456638902498,0.0010313835273316634
walk,0.0016501650165016502,8.322929671244278e-4,4.899559039686428e-4,4.420215117135701e-4
walking,2.0627062706270627e-4,1.3871549452073797e-4,9.799118079372856e-4,4.420215117135701e-4
wash,0.0016501650165016502,1.3871549452073797e-4,4.899559039686428e-4,2.946810078090467e-4
water,0.0049504950495049506,9.710084616451658e-4,9.799118079372856e-4,0.0010313835273316634
week,4.1254125412541255e-4,2.7743098904147595e-4,4.899559039686428e-4,1.4734050390452334e-4
wept,4.1254125412541255e-4,5.548619780829519e-4,7.349338559529642e-4,1.4734050390452334e-4
whatsoever,0.002268976897689769,9.710084616451658e-4,0.002204801567858893,0.0023574480624723735
wherewith,4.1254125412541255e-4,2.7743098904147595e-4,4.899559039686428e-4,1.4734050390452334e-4
white,4.1254125412541255e-4,1.3871549452073797e-4,7.349338559529642e-4,4.420215117135701e-4
whomsoever,2.0627062706270627e-4,4.161464835622139e-4,4.899559039686428e-4,4.420215117135701e-4
whosoever,0.0020627062706270625,0.002913025384935497,0.0036746692797648213,0.005304258140562841
wife,2.0627062706270627e-4,0.0024968789013732834,0.0026947574718275357,0.002504788566376897
wilderness,8.250825082508251e-4,9.710084616451658e-4,0.001224889759921607,7.367025195226168e-4
wilt,0.0010313531353135313,6.935774726036898e-4,0.001224889759921607,0.0016207455429497568
wind,4.1254125412541255e-4,5.548619780829519e-4,0.0014698677119059284,5.893620156180934e-4
wine,0.0012376237623762376,9.710084616451658e-4,0.001224889759921607,4.420215117135701e-4
wise,4.1254125412541255e-4,5.548619780829519e-4,2.449779519843214e-4,0.002504788566376897
withered,4.1254125412541255e-4,4.161464835622139e-4,9.799118079372856e-4,5.893620156180934e-4
witness,0.004331683168316832,5.548619780829519e-4,0.0019598236158745713,8.840430234271402e-4
woman,0.004744224422442244,0.0026355943958940213,0.0017148456638902498,0.0014734050390452335
word,0.004537953795379538,0.0027743098904147593,0.0031847133757961785,0.0027994695741859438
words,0.003919141914191419,0.0015258704397281176,0.001224889759921607,8.840430234271402e-4
world,0.0165016501650165,0.0013871549452073796,0.001224889759921607,0.0026521290702814205
worse,4.1254125412541255e-4,1.3871549452073797e-4,4.899559039686428e-4,4.420215117135701e-4
worship,0.0018564356435643563,4.161464835622139e-4,2.449779519843214e-4,7.367025195226168e-4
worshipped,4.1254125412541255e-4,1.3871549452073797e-4,4.899559039686428e-4,0.0011787240312361867
worthy,2.0627062706270627e-4,0.0016645859342488557,2.449779519843214e-4,0.0014734050390452335
wrapped,2.0627062706270627e-4,4.161464835622139e-4,2.449779519843214e-4,1.4734050390452334e-4
written,0.003094059405940594,0.0023581634068525455,0.0019598236158745713,0.0014734050390452335
zebedee,2.0627062706270627e-4,1.3871549452073797e-4,9.799118079372856e-4,5.893620156180934e-4
